<?xml version="1.0"?>
<payment xmlns:xsi="http://www.w3.org/2001/XMLSchema-instance" xsi:noNamespaceSchemaLocation="urn:magento:module:Magento_Payment:etc/payment.xsd">
    <groups>
        <group id="tabby">
            <label>Tabby Payments</label>
        </group>
    </groups>
    <methods>
        <method name="tabby_checkout">
            <allow_multiple_address>0</allow_multiple_address> 
        </method>
        <method name="tabby_installments">
            <allow_multiple_address>0</allow_multiple_address> 
        </method>
    </methods>
</payment>
