<?xml version="1.0"?>
<routes xmlns:xsi="http://www.w3.org/2001/XMLSchema-instance"
        xsi:noNamespaceSchemaLocation="urn:magento:module:Magento_Webapi:etc/webapi.xsd">

    <route url="/V1/guest-carts/:cartId/order-history/:email/:phone" method="GET">
        <service class="Tabby\Checkout\Api\GuestOrderHistoryInformationInterface" method="getOrderHistory"/>
        <resources>
            <resource ref="anonymous" />
        </resources>
    </route>
    <route url="/V1/guest-carts/:cartId/tabby/payment-cancel" method="GET">
        <service class="Tabby\Checkout\Api\PaymentCancelInterface" method="cancelPayment"/>
        <resources>
            <resource ref="anonymous" />
        </resources>
    </route>
    <route url="/V1/carts/:cartId/tabby/payment-cancel" method="GET">
        <service class="Tabby\Checkout\Api\PaymentCancelInterface" method="cancelCustomerPayment"/>
        <resources>
            <resource ref="self" />
        </resources>
    </route>
    <route url="/V1/guest-carts/:cartId/tabby/payment-save/:paymentId" method="GET">
        <service class="Tabby\Checkout\Api\PaymentSaveInterface" method="savePayment"/>
        <resources>
            <resource ref="anonymous" />
        </resources>
    </route>
    <route url="/V1/carts/:cartId/tabby/payment-save/:paymentId" method="GET">
        <service class="Tabby\Checkout\Api\PaymentSaveInterface" method="saveCustomerPayment"/>
        <resources>
            <resource ref="self" />
        </resources>
    </route>
    <route url="/V1/guest-carts/:cartId/tabby/payment-auth/:paymentId" method="GET">
        <service class="Tabby\Checkout\Api\PaymentAuthInterface" method="authPayment"/>
        <resources>
            <resource ref="anonymous" />
        </resources>
    </route>
    <route url="/V1/carts/:cartId/tabby/payment-auth/:paymentId" method="GET">
        <service class="Tabby\Checkout\Api\PaymentAuthInterface" method="authCustomerPayment"/>
        <resources>
            <resource ref="self" />
        </resources>
    </route>
    <route url="/V1/guest-carts/:cartId/tabby/quote-item-data/" method="GET">
        <service class="Tabby\Checkout\Api\QuoteItemDataInterface" method="getGuestQuoteItemData"/>
        <resources>
            <resource ref="anonymous" />
        </resources>
    </route>
    <route url="/V1/carts/:cartId/tabby/quote-item-data/" method="GET">
        <service class="Tabby\Checkout\Api\QuoteItemDataInterface" method="getQuoteItemData"/>
        <resources>
            <resource ref="self" />
        </resources>
    </route>
</routes>
