<?xml version="1.0"?>
<!--
/**
 * Smile_ElasticsuiteCatalog module loading configuration.
 *
 * DISCLAIMER
 *
 * Do not edit or add to this file if you wish to upgrade Smile ElasticSuite to newer
 * versions in the future.
 *
 * @category  Smile
 * @package   Smile\ElasticsuiteCatalog
 * @author    Aurelien FOUCRET <aurelien.foucret@smile.fr>
 * @copyright 2020 Smile
 * @license   Open Software License ("OSL") v. 3.0
 */
 -->
<config xmlns:xsi="http://www.w3.org/2001/XMLSchema-instance" xsi:noNamespaceSchemaLocation="urn:magento:framework:Module/etc/module.xsd">
    <module name="Smile_ElasticsuiteCatalog" setup_version="1.5.1">
        <sequence>
            <module name="Smile_ElasticsuiteCore" />
            <module name="Magento_Search" />
            <module name="Magento_CatalogSearch" />
            <module name="Magento_LayeredNavigation" />
            <module name="Magento_CatalogInventory" />
            <module name="Magento_LayeredNavigationStaging" />
            <module name="Magento_InventorySalesApi" />
            <module name="Magento_InventorySales" />
            <module name="Magento_InventoryIndexer" />
            <module name="Magento_Elasticsearch" />
        </sequence>
    </module>
</config>
