<!--
/**
 * Smil_ElasticsuiteCatalog module configuration
 *
 * DISCLAIMER
 *
 * Do not edit or add to this file if you wish to upgrade Smile ElasticSuite to newer
 * versions in the future.
 *
 * @category  Smile
 * @package   Smile\ElasticsuiteCatalog
 * @author    Romain RUAUD <romain.ruaud@smile.fr>
 * @copyright 2020 Smile
 * @license   Open Software License ("OSL") v. 3.0
 */
-->
<config xmlns:xsi="http://www.w3.org/2001/XMLSchema-instance" xsi:noNamespaceSchemaLocation="urn:magento:module:Magento_Config:etc/system_file.xsd">
    <system>
        <section id="smile_elasticsuite_autocomplete_settings">
            <group id="product_autocomplete" translate="label" type="text" sortOrder="20" showInDefault="1" showInWebsite="1" showInStore="1">
                <label>Product Autocomplete</label>
                <field id="max_size" translate="label comment" type="text" sortOrder="10" showInDefault="1" showInWebsite="1" showInStore="1">
                    <label>Max Size</label>
                    <validate>integer</validate>
                    <comment><![CDATA[Maximum number of products to display in autocomplete results.]]></comment>
                </field>
            </group>
            <group id="product_attribute_autocomplete" translate="label" type="text" sortOrder="30" showInDefault="1" showInWebsite="1" showInStore="1">
                <label>Product Attributes Autocomplete</label>
                <field id="max_size" translate="label comment" type="text" sortOrder="10" showInDefault="1" showInWebsite="1" showInStore="1">
                    <label>Max Size</label>
                    <validate>integer</validate>
                    <comment><![CDATA[Maximum number of product attributes to display in autocomplete results.]]></comment>
                </field>
            </group>
            <group id="category_autocomplete" translate="label" type="text" sortOrder="30" showInDefault="1" showInWebsite="1" showInStore="1">
                <label>Category Autocomplete</label>
                <field id="max_size" translate="label comment" type="text" sortOrder="10" showInDefault="1" showInWebsite="1" showInStore="1">
                    <label>Max Size</label>
                    <validate>integer</validate>
                    <comment><![CDATA[Maximum number of categories to display in autocomplete results.]]></comment>
                </field>
            </group>
        </section>

        <section id="smile_elasticsuite_catalogsearch_settings" translate="label" type="text" sortOrder="1000" showInDefault="1" showInWebsite="1" showInStore="1">
            <label>Catalog Search</label>
            <tab>smile_elasticsuite</tab>
            <resource>Magento_Backend::smile_elasticsuite_catalogsearch</resource>

            <group id="catalogsearch" translate="label" type="text" sortOrder="10" showInDefault="1" showInWebsite="1" showInStore="1">
                <label>Catalog Search Configuration</label>
                <field id="redirect_if_one_result" translate="label comment" type="select" sortOrder="10" showInDefault="1" showInWebsite="1" showInStore="1">
                    <label>Redirect to product page if only one result</label>
                    <source_model>Magento\Config\Model\Config\Source\Yesno</source_model>
                    <comment><![CDATA[If there is only one product matching a given search query, the user will be redirect to this product page.]]></comment>
                </field>
                <field id="category_filter_use_url_rewrites" translate="label comment" type="select" sortOrder="20" showInDefault="1" showInWebsite="1" showInStore="1">
                    <label>Use URL Rewrites for Category Filter in category navigation</label>
                    <source_model>Magento\Config\Model\Config\Source\Yesno</source_model>
                    <comment><![CDATA[When set to yes, users are redirected (and all filters are reset) to the chosen category page when they use the category filter in layered navigation.]]></comment>
                </field>
                <field id="expanded_facets" translate="label comment" type="text" sortOrder="30" showInDefault="1" showInWebsite="1" showInStore="1">
                    <label>Expanded facets</label>
                    <validate>integer</validate>
                    <comment><![CDATA[Number of facets to display expanded by default.]]></comment>
                </field>
            </group>
        </section>
    </system>
</config>
