<?xml version="1.0"?>
<!--
/**
 * Smile_ElasticsuiteCore admin configuration UI fields.
 *
 * DISCLAIMER
 *
 * Do not edit or add to this file if you wish to upgrade Smile ElasticSuite to newer
 * versions in the future.
 *
 * @category  Smile
 * @package   Smile\ElasticsuiteCore
 * @author    Aurelien FOUCRET <aurelien.foucret@smile.fr>
 * @copyright 2020 Smile
 * @license   Open Software License ("OSL") v. 3.0
 */
 -->
<config xmlns:xsi="http://www.w3.org/2001/XMLSchema-instance" xsi:noNamespaceSchemaLocation="urn:magento:module:Magento_Config:etc/system_file.xsd">
    <system>

        <tab id="smile_elasticsuite" translate="label" sortOrder="210">
            <label>ElasticSuite</label>
        </tab>

        <section id="smile_elasticsuite_core_base_settings" translate="label" type="text" sortOrder="40" showInDefault="1" showInWebsite="1" showInStore="1">
            <class>separator-top</class>
            <label>Base Settings</label>
            <tab>smile_elasticsuite</tab>
            <resource>Magento_Catalog::config_smile_elasticsuite_core_base_settings</resource>

            <group id="es_client" translate="label" type="text" sortOrder="10" showInDefault="1" showInWebsite="1" showInStore="1">
                <label>Elasticsearch Client</label>
                <field id="servers" translate="label comment" type="text" sortOrder="51" showInDefault="1" showInWebsite="0" showInStore="0">
                    <label>Elasticsearch Servers List</label>
                    <comment>List of servers in [host]:[port] format separated by a comma (e.g. : "es-node1.fqdn:9200, es-node2.fqdn:9200")</comment>
                </field>
                <field id="enable_https_mode" translate="label comment" type="select" sortOrder="52" showInDefault="1" showInWebsite="0" showInStore="0">
                    <label>Use HTTPS</label>
                    <comment>Select yes if you want to connect to your Elasticsearch server over HTTPS.</comment>
                    <source_model>Magento\Config\Model\Config\Source\Yesno</source_model>
                </field>
                <field id="enable_http_auth" translate="label comment" type="select" sortOrder="52" showInDefault="1" showInWebsite="0" showInStore="0">
                    <label>Enable basic HTTP authentication</label>
                    <comment>Enable this option when your Elasticsearch server use basic HTTP authentication.</comment>
                    <source_model>Magento\Config\Model\Config\Source\Yesno</source_model>
                </field>
                <field id="http_auth_user" translate="label comment" type="text" sortOrder="53" showInDefault="1" showInWebsite="0" showInStore="0">
                    <label>Basic HTTP authentication user</label>
                    <depends>
                        <field id="enable_http_auth">1</field>
                    </depends>
                </field>
                <field id="http_auth_pwd" translate="label comment" type="text" sortOrder="54" showInDefault="1" showInWebsite="0" showInStore="0">
                    <label>Basic HTTP authentication password</label>
                    <depends>
                        <field id="enable_http_auth">1</field>
                    </depends>
                </field>
                <field id="enable_debug_mode" translate="label comment" type="select" sortOrder="55" showInDefault="1" showInWebsite="0" showInStore="0">
                    <label>Enable Debug Mode</label>
                    <comment>When enabled the module will produce logs through Magento logging system.</comment>
                    <source_model>Magento\Config\Model\Config\Source\Yesno</source_model>
                </field>
                <field id="connection_timeout" translate="label comment" type="text" sortOrder="56" showInDefault="1" showInWebsite="0" showInStore="0">
                    <label>Server Connection Timeout</label>
                    <comment>In seconds.</comment>
                    <frontend_class>validate-number</frontend_class>
                </field>
            </group>

            <group id="indices_settings" translate="label" type="text" sortOrder="20" showInDefault="1" showInWebsite="1" showInStore="1">
                <label>Indices Settings</label>
                <field id="alias" translate="label" type="text" sortOrder="57" showInDefault="1" showInWebsite="0" showInStore="0">
                    <label>Indices Alias Name</label>
                </field>
                <field id="indices_pattern" translate="label" type="text" sortOrder="58" showInDefault="1" showInWebsite="0" showInStore="0">
                    <label>Indices Name Pattern</label>
                </field>
                <field id="number_of_shards" translate="label" type="text" sortOrder="59" showInDefault="1" showInWebsite="0" showInStore="0">
                    <label>Number of Shards per Index</label>
                    <frontend_class>validate-number</frontend_class>
                </field>
                <field id="number_of_replicas" translate="label" type="text" sortOrder="60" showInDefault="1" showInWebsite="0" showInStore="0">
                    <label>Number of Replicas per Index</label>
                    <frontend_class>validate-number</frontend_class>
                </field>
            </group>
        </section>

        <section id="smile_elasticsuite_autocomplete_settings" translate="label" type="text" sortOrder="1000" showInDefault="1" showInWebsite="1" showInStore="1">
            <label>Autocomplete</label>
            <tab>smile_elasticsuite</tab>
            <resource>Magento_Backend::smile_elasticsuite_autocomplete</resource>

            <group id="term_autocomplete" translate="label" type="text" sortOrder="10" showInDefault="1" showInWebsite="1" showInStore="1">
                <label>Popular Term Autocomplete</label>
                <field id="max_size" translate="label comment" type="text" sortOrder="10" showInDefault="1" showInWebsite="1" showInStore="1">
                    <label>Max Size</label>
                    <validate>integer</validate>
                    <comment><![CDATA[Maximum number of popular search terms to display in autocomplete results.]]></comment>
                </field>
            </group>
        </section>
    </system>
</config>
